{"cameraMode":{"drawMode":0,"name":"Shaded","section":"Shading Mode"},"sceneLighting":false,"audioPlay":false,"sceneViewState":{"m_AlwaysRefresh":false,"showFog":true,"showSkybox":false,"showFlares":true,"showImageEffects":true,"showParticleSystems":true,"showVisualEffectGraphs":true,"m_FxEnabled":true},"in2DMode":false,"pivot":{"x":0.7234041094779968,"y":0.2893616557121277,"z":-0.17710280418395997},"rotation":{"x":-0.1155136376619339,"y":0.02691521868109703,"z":-0.003091977210715413,"w":-0.9929707050323486},"size":1.7128925323486329,"orthographic":false}