{"cameraMode":{"drawMode":0,"name":"Shaded","section":"Shading Mode"},"sceneLighting":false,"audioPlay":false,"sceneViewState":{"m_AlwaysRefresh":false,"showFog":true,"showSkybox":false,"showFlares":true,"showImageEffects":true,"showParticleSystems":true,"showVisualEffectGraphs":true,"m_FxEnabled":true},"in2DMode":false,"pivot":{"x":0.35364168882369997,"y":0.04175920784473419,"z":0.16463732719421388},"rotation":{"x":0.1542215347290039,"y":-0.29634347558021548,"z":0.04856545105576515,"w":0.9413105249404907},"size":0.9479790925979614,"orthographic":true}