{"cameraMode":{"drawMode":0,"name":"Shaded","section":"Shading Mode"},"sceneLighting":false,"audioPlay":false,"sceneViewState":{"m_AlwaysRefresh":false,"showFog":true,"showSkybox":false,"showFlares":true,"showImageEffects":true,"showParticleSystems":true,"showVisualEffectGraphs":true,"m_FxEnabled":true},"in2DMode":false,"pivot":{"x":-0.10284677147865296,"y":0.33072006702423098,"z":0.43245768547058108},"rotation":{"x":-0.1599891483783722,"y":0.040560461580753329,"z":-0.006540090776979923,"w":-0.9862961173057556},"size":1.8302381038665772,"orthographic":false}