{"cameraMode":{"drawMode":0,"name":"Shaded","section":"Shading Mode"},"sceneLighting":false,"audioPlay":false,"sceneViewState":{"m_AlwaysRefresh":false,"showFog":true,"showSkybox":false,"showFlares":true,"showImageEffects":true,"showParticleSystems":true,"showVisualEffectGraphs":true,"m_FxEnabled":true},"in2DMode":false,"pivot":{"x":0.9021463990211487,"y":0.03577323257923126,"z":-1.8739616870880128},"rotation":{"x":0.007999641820788384,"y":-0.013999462127685547,"z":0.00010573416511761025,"w":0.9998943209648132},"size":9.32846450805664,"orthographic":true}